[
  {"model": "eventos.localidad", "pk": 1, "fields": {"nombre": "Arica"}},
  {"model": "eventos.localidad", "pk": 2, "fields": {"nombre": "Iquique"}},
  {"model": "eventos.localidad", "pk": 3, "fields": {"nombre": "Antofagasta"}},
  {"model": "eventos.localidad", "pk": 4, "fields": {"nombre": "Copiapó"}},
  {"model": "eventos.localidad", "pk": 5, "fields": {"nombre": "La Serena"}},
  {"model": "eventos.localidad", "pk": 6, "fields": {"nombre": "Valparaíso"}},
  {"model": "eventos.localidad", "pk": 7, "fields": {"nombre": "Santiago"}},
  {"model": "eventos.localidad", "pk": 8, "fields": {"nombre": "Rancagua"}},
  {"model": "eventos.localidad", "pk": 9, "fields": {"nombre": "Talca"}},
  {"model": "eventos.localidad", "pk": 10, "fields": {"nombre": "Chillán"}},
  {"model": "eventos.localidad", "pk": 11, "fields": {"nombre": "Concepción"}},
  {"model": "eventos.localidad", "pk": 12, "fields": {"nombre": "Temuco"}},
  {"model": "eventos.localidad", "pk": 13, "fields": {"nombre": "Valdivia"}},
  {"model": "eventos.localidad", "pk": 14, "fields": {"nombre": "Puerto Montt"}},
  {"model": "eventos.localidad", "pk": 15, "fields": {"nombre": "Coyhaique"}},
  {"model": "eventos.localidad", "pk": 16, "fields": {"nombre": "Punta Arenas"}},
  {"model": "eventos.localidad", "pk": 17, "fields": {"nombre": "Calama"}},
  {"model": "eventos.localidad", "pk": 18, "fields": {"nombre": "Quillota"}},
  {"model": "eventos.localidad", "pk": 19, "fields": {"nombre": "San Antonio"}},
  {"model": "eventos.localidad", "pk": 20, "fields": {"nombre": "Melipilla"}},
  {"model": "eventos.localidad", "pk": 21, "fields": {"nombre": "Curicó"}},
  {"model": "eventos.localidad", "pk": 22, "fields": {"nombre": "Los Ángeles"}},
  {"model": "eventos.localidad", "pk": 23, "fields": {"nombre": "Osorno"}},
  {"model": "eventos.localidad", "pk": 24, "fields": {"nombre": "Puerto Varas"}},
  {"model": "eventos.localidad", "pk": 25, "fields": {"nombre": "Castro"}},
  {"model": "eventos.localidad", "pk": 26, "fields": {"nombre": "Ancud"}},
  {"model": "eventos.localidad", "pk": 27, "fields": {"nombre": "Vallenar"}},
  {"model": "eventos.localidad", "pk": 28, "fields": {"nombre": "Ovalle"}},
  {"model": "eventos.localidad", "pk": 29, "fields": {"nombre": "San Fernando"}},
  {"model": "eventos.localidad", "pk": 30, "fields": {"nombre": "Linares"}},
  {"model": "eventos.localidad", "pk": 31, "fields": {"nombre": "Coronel"}},
  {"model": "eventos.localidad", "pk": 32, "fields": {"nombre": "Talcahuano"}},
  {"model": "eventos.localidad", "pk": 33, "fields": {"nombre": "Lota"}},
  {"model": "eventos.localidad", "pk": 34, "fields": {"nombre": "Angol"}},
  {"model": "eventos.localidad", "pk": 35, "fields": {"nombre": "Villarrica"}},
  {"model": "eventos.localidad", "pk": 36, "fields": {"nombre": "Pucón"}},
  {"model": "eventos.localidad", "pk": 37, "fields": {"nombre": "La Unión"}},
  {"model": "eventos.localidad", "pk": 38, "fields": {"nombre": "Río Bueno"}},
  {"model": "eventos.localidad", "pk": 39, "fields": {"nombre": "Quellón"}},
  {"model": "eventos.localidad", "pk": 40, "fields": {"nombre": "Aysén"}},
  {"model": "eventos.localidad", "pk": 41, "fields": {"nombre": "Porvenir"}},
  {"model": "eventos.localidad", "pk": 42, "fields": {"nombre": "Natales"}}
]
